spectral_centroid,mfcc1,mfcc2,mfcc3,mfcc4,mfcc5,mfcc6,mfcc7,mfcc8,mfcc9,mfcc10,label
1803.800200335076,-31.09172,35.630844,-9.159258,5.461261,-0.5295262,0.99845624,-1.059457,0.035480272,-0.23744911,0.10125266,classical
1285.3702594238277,-82.76234,42.92109,-7.5608616,8.426496,-0.08274306,-0.5421642,-1.0355572,0.6161932,0.5953347,-0.65082794,classical
1396.7128037657276,-77.78606,43.12643,-6.757921,6.584573,-0.96313137,0.9011753,-1.8635622,0.67878586,1.3018297,1.5996411,classical
1279.5154519537928,-70.546844,46.56685,-8.350519,7.966886,-0.6155483,0.5118853,-2.0836291,-1.0876015,-0.6905244,-0.2813744,classical
790.5070052979643,-109.36664,61.729572,-3.6817176,4.284824,-0.7307983,-1.1615292,-1.1963053,0.27088663,-0.117787726,0.10567227,classical
950.1801498031009,-88.03026,56.059284,-8.155726,6.0344124,-0.13035479,0.9051708,-2.0097651,-2.2949653,-0.9312068,0.6711638,classical
1361.006486221469,-63.174015,42.308983,-9.646707,0.013597198,-3.7086928,4.2708163,0.54827714,0.70702124,-0.53555053,-0.33903125,classical
1514.0972710756876,-18.312069,42.749706,-7.9523067,5.234166,0.5685698,1.5285606,-1.1963278,-1.1906722,0.032056928,-0.3402435,classical
1525.7917091607942,-54.27447,43.682304,-11.259241,5.0822554,-2.5129735,1.4150631,-0.68949944,0.0108074825,-1.4797878,-0.22890802,classical
1505.3574604811186,-53.09558,39.038876,-11.155632,0.9583713,-2.1417844,3.0827024,0.0053207623,0.19391577,-0.5361431,-0.38530284,classical
1474.7414794976396,-72.07299,42.015663,-6.0350466,4.941313,1.41783,1.4730365,-0.36949363,1.0812995,0.3062663,0.8571556,classical
1340.8675515904304,-50.092373,45.259094,-9.507109,7.6551776,-1.0382727,1.1168959,-0.71259665,-1.036104,-1.0383868,-0.6941384,classical
1800.8758120131474,-86.38344,29.62383,-11.178026,9.341884,-1.282223,-1.6497041,-2.0545082,0.11299515,0.075459324,0.71005887,classical
1397.3892884939066,-55.03268,44.657135,-9.485482,7.138217,-2.1861255,-0.03223482,-1.4285052,-0.34470114,-0.0863613,-0.39868194,classical
1279.4808753417974,-59.527275,45.37385,-9.981301,8.521047,0.46013013,2.490339,-1.1430986,-0.2791561,-0.16422205,0.29906315,classical
1063.396723083687,-49.68751,56.438232,2.6784327,0.13502072,1.7611599,-0.4532633,-1.0536612,-0.27908793,-1.1295264,-0.2574437,classical
983.9717194937225,-93.07595,45.675137,-2.0612667,9.089555,1.7659053,0.75772184,0.22405395,0.79572415,1.6239524,1.1454644,classical
2224.8938399288413,-14.8577585,30.010696,-6.8536897,3.668532,0.15379867,1.9176497,-0.27160546,-0.46966803,-1.1220605,-0.36779127,classical
1490.2748102133896,-46.73121,38.78124,-8.601317,1.904323,-2.0637028,3.9258602,0.4344893,0.011483525,-0.67613894,-0.40755698,classical
1322.7344268727697,-57.035152,46.61124,-10.484597,4.5027742,0.83696026,2.629079,-0.20600602,-0.37266585,-0.51398504,0.2860762,classical
792.9088884169765,-125.15313,54.103573,2.5855877,6.764655,-0.35055503,1.7528251,-0.4513455,1.6674055,1.1066916,0.8367002,classical
1356.2906973182814,-65.09542,45.71527,-7.8863215,6.0395837,-1.8164712,1.3480599,-1.394597,-0.5018931,-1.2296522,0.43437743,classical
1751.5809593775805,-80.15799,38.140823,-7.89345,1.9592295,-0.71421736,0.40811145,0.76467353,2.2792337,-0.6383967,-0.5746694,classical
1878.4940039517187,-10.59878,32.14477,-7.3201756,4.132282,-0.32506767,1.6909151,-0.8834809,0.6519425,-0.46010122,-0.19683486,classical
1633.582298996637,-90.45301,32.024303,-8.524122,4.6409674,-0.023409035,2.1748674,-1.6195511,-1.7467089,0.037189245,1.9393057,classical
1371.3948853640532,-60.31614,44.26015,-8.541438,5.939285,-1.8107567,-0.030645974,-1.2307639,0.30976295,0.47837707,-0.40866497,classical
1559.9200748058706,-42.87997,43.010532,-12.975236,4.1056914,-1.7100157,2.1715593,-0.37662283,-1.4234734,-0.61116546,-0.005716004,classical
1681.2723869009876,-5.782932,37.9083,-11.188848,8.305609,0.2098967,-0.8230068,1.2171732,-0.24899869,-1.4973513,-0.18492343,classical
2411.5244663469507,-39.986122,25.592916,-4.2782884,3.6200795,0.57066494,2.017528,1.0600941,1.0779182,0.09358495,-0.2946588,classical
2192.5069045226314,-38.76543,23.849083,-12.273262,6.0230856,-1.4895085,1.0266151,1.150986,2.7221375,1.2274836,0.5146932,classical
1185.144479134992,-112.880714,42.679005,-4.468312,6.6849236,-1.540446,0.49360147,0.5640751,1.0625947,0.9009901,-0.0032906116,classical
1176.9449938974453,-28.136454,49.984116,-6.025543,3.08258,-0.703061,0.2147307,-0.627965,-0.2293123,-0.121190704,0.260105,classical
1253.0323992049648,-42.61219,46.279934,-8.387644,5.3300705,-1.8796538,1.2250919,-0.100179605,0.181094,-1.0334936,-0.3333269,classical
1304.1427959179266,-68.91943,47.301353,-9.506533,6.861558,-1.1033258,1.6530788,-1.0691633,-0.74203515,-1.2443609,0.14199951,classical
1623.758025306243,-34.721928,37.623653,-14.992757,0.10831026,1.6233493,4.2872047,0.35970613,-0.5103639,-1.5260552,0.8567095,classical
1184.2726167313842,-46.156635,47.966145,-8.24324,5.391007,-0.76704055,1.0837975,0.1654378,-0.022883853,-1.3728019,-0.93557966,classical
1174.3248424595008,-102.19625,49.62431,-8.214986,4.723202,0.22481604,0.71421516,0.43988335,0.15378998,-0.96369225,-0.02991433,classical
1952.6079332127808,-56.205482,28.498909,-9.02052,6.981143,-1.2055008,0.78615206,-0.50044024,1.5860581,1.333163,1.9776225,classical
1702.24789858299,-11.795674,37.540787,-12.791803,7.8208566,1.5898132,-3.9427402,-1.2803719,1.0463628,-2.2202227,-1.2812091,classical
1355.7633127675824,-71.52963,44.355755,-8.326997,6.8630033,-1.4037995,0.27610174,-0.5042601,-0.5061936,-0.06907951,0.1705365,classical
1933.75034806624,-36.93916,30.303171,-11.184768,7.5405655,-0.99629664,-0.05578415,-1.4687556,0.6525433,0.29020897,0.8492408,classical
1372.6940993686428,-60.916668,39.437305,-5.9209356,8.251907,-0.6118316,0.6705118,-1.3201493,-0.03697842,-0.3526942,-0.40191975,classical
1551.3608602773115,-37.07257,39.852657,-10.959687,7.2587824,-0.82718855,1.602311,-1.0962065,-0.1879519,-0.6033796,0.10357811,classical
1002.6849591662105,-87.87177,56.61757,-9.717191,6.56871,-0.2018275,0.70207393,-1.5817306,-0.34817585,-0.98665386,0.3502044,classical
715.8536806386671,-142.25229,62.092976,1.843801,7.4646106,-0.975866,0.5396124,-1.6633617,-0.6709684,-1.4565098,-0.7402429,classical
877.3225402717013,-93.81987,58.938133,-6.3552957,6.9947915,0.57585615,0.37141192,-1.3339611,-0.4167423,-1.6637083,0.4750942,classical
1358.9954445281364,-61.932823,40.357582,-6.9937644,7.40282,-1.701341,1.913486,-0.7144787,0.56106836,0.028298669,0.41592637,classical
812.1207958821843,-119.15456,59.60361,-1.1013999,5.087848,0.17829208,-1.7465575,-1.7526491,-1.2142725,-0.8982,-0.45339972,classical
1243.6691621009502,-71.50336,45.61191,-6.802539,9.642785,-0.46292287,0.34372476,-0.86420554,0.9493373,0.8907424,1.0172471,classical
1423.5649269846951,-90.61688,35.934067,-6.2592645,7.538321,0.21239863,1.1821663,-0.49905965,1.1744164,0.3984203,1.0565218,classical
1526.628931824985,-62.607697,38.137108,-14.698811,5.152842,-3.9543538,5.981848,-0.44337496,-0.2159413,-1.483564,0.18148036,classical
1118.4502461216537,-123.23521,50.310677,10.965448,2.3117402,0.12128892,-0.17919469,-0.8716047,-1.272303,-1.1049594,-0.251484,classical
1171.477078803794,-91.26643,49.190445,-8.726111,9.410413,-1.5522281,-0.6052054,-0.977388,-0.96016663,-0.45225844,-1.0797203,classical
1358.6023759424515,-67.37322,45.542873,-9.428375,1.6691167,-2.4878318,0.2567533,-1.4430115,-0.3035065,-1.1428359,-0.27840102,classical
1559.3040287467168,-60.504593,38.802082,-9.735588,5.955847,-1.4144098,0.1236897,-0.8648295,-0.0052272035,-0.87532175,-0.6167483,classical
1180.5324896152026,-77.6999,48.329437,-7.937539,6.7793574,-0.7643992,0.87957627,-1.6681714,-1.8591564,-1.0597212,-0.86811763,classical
1349.5622465655813,-64.65271,47.05443,-11.852833,4.475843,-2.1200633,1.4257234,-0.27559894,-0.575459,0.0061918464,-0.54751897,classical
1527.645526264714,-55.413094,36.24526,1.7552283,6.8732743,2.521717,3.4854808,0.8576208,0.2790149,0.23928885,0.037007026,classical
795.5192461669651,-101.22926,61.146927,5.660709,2.4193308,1.4031078,-0.48761383,-1.9519424,-2.4813685,-2.0302694,-1.6740751,classical
2172.3382154638084,-54.74496,25.585556,-11.847506,5.935134,-3.4058769,-0.7883642,-2.367741,-1.1638035,0.13955617,1.2083124,classical
1282.3275301478,-96.61161,45.160744,-1.6552162,8.290843,0.17454147,3.2426372,-1.3370436,0.13288413,-0.06540335,0.60775,classical
1807.9280823768647,-47.184982,27.759245,-18.483248,15.526664,7.1944385,3.181819,-6.1109776,-4.101125,4.3720093,1.2232028,classical
1494.4657470360255,-54.805424,37.903484,-6.50535,4.2100296,1.0611697,0.2472791,-1.0544181,-0.5053122,-2.4095457,-0.38149875,classical
1388.1392656380106,-70.742935,43.311028,-10.128947,6.28912,-1.2621524,0.6193604,-2.0092936,-1.067164,-0.66926,-0.09315145,classical
1214.3502552431958,-87.89855,48.69323,-7.5016284,5.710993,1.0384078,0.69043887,0.7881306,0.6355365,0.505878,0.17610994,classical
829.0091477951953,-101.85273,60.563267,5.9444056,0.457624,0.11732911,0.8951079,-0.25894767,-0.36860746,-1.1155373,-1.7637625,classical
1278.5184062359633,-68.22824,48.30558,-11.676452,3.0651646,-1.4464682,1.0950037,-0.7474437,-0.47983342,-0.40606695,0.284485,classical
1128.3811387274063,-107.95037,45.639923,-4.7939973,7.912475,-0.026087714,1.3836164,0.39789125,0.47235745,0.9650449,-0.50640005,classical
1516.848913603582,-60.453766,38.784542,-6.896997,7.5351396,-1.3315737,-0.49910927,-2.178945,0.089228444,0.07895095,-0.24954087,classical
822.6139611536199,-94.976006,52.031128,-0.48545083,8.102875,1.371578,1.7804594,-0.4580197,1.7561268,1.3350372,0.9764765,classical
2423.3323353649416,-46.487057,17.27273,-19.188301,-0.17971393,-4.8365746,-2.4137123,-1.8955144,3.0837524,2.5871787,2.718267,classical
973.5355866616919,-147.76204,45.650143,2.595463,9.746961,1.5938014,1.5943803,-0.2497003,-0.87636477,-0.09688038,-0.05977969,classical
690.5300405312647,-116.823326,59.69137,13.220942,2.7182398,2.1781437,0.052194748,-1.1627641,-1.3724086,-1.649283,-1.5493109,classical
1211.4313268289068,-60.305626,46.995144,-8.678422,5.2223177,-0.5193701,1.2371622,-0.31782606,-0.6904671,-1.1670895,-0.5054807,classical
1371.4447396060214,-96.39624,41.413357,-9.127952,3.4636874,-3.252067,-0.689706,-1.2716379,-0.12754162,0.11134179,0.82050186,classical
1054.7328868522359,-115.455925,47.120552,-0.16652344,6.796284,-0.3130487,0.67925215,0.47553572,2.1671908,1.1324286,0.70209944,classical
1415.41298958729,-51.455463,45.39114,-11.3793,6.8451724,-2.766359,1.2196524,-1.1790696,-0.9747009,-0.6649861,0.7386038,classical
1525.0760420116653,-83.495224,32.462135,-3.7574844,4.9088006,-2.4953446,1.9739915,-0.38016108,0.58558,-0.3463875,0.3089091,classical
1326.2905913173308,-22.264246,49.3281,-15.983087,2.9922533,-0.8069818,0.4498653,-1.1675805,-1.1215365,-0.52146554,0.7915386,classical
1497.5036380467266,-66.72243,39.367702,-8.810006,5.2164073,-2.6798358,1.2368891,-1.7359476,-1.0307485,-0.9616014,-0.26202604,classical
853.0763810402683,-77.2754,63.369404,-8.174452,5.892147,-0.32156822,0.832656,-1.4766481,-0.14392687,-0.9890892,-0.37382317,classical
1016.2036312413069,-76.5683,49.838844,-5.970152,9.74069,1.6274924,1.7690381,-0.76021296,0.5015877,1.1059414,0.6148562,classical
1157.8655406408493,-90.29171,49.51556,-8.570057,5.250816,-0.55483574,-0.65060246,-2.3009632,-0.8322597,-0.3448361,0.46935445,classical
1216.3713864035042,-79.488144,40.32642,-1.294601,10.09405,-2.3888202,0.7435585,0.08618439,0.13010821,0.42328697,-0.0056350604,classical
1360.1636476762342,-64.48063,44.782803,-8.362095,7.309556,-1.7308252,0.44771916,-0.82407373,-0.21204284,-0.02988059,-0.22093695,classical
1137.8827996451196,-70.38409,51.221836,-12.079886,1.377574,-0.42583838,2.8898158,1.1744506,-1.5496818,-0.07584439,0.8154766,classical
1314.399292126819,-44.427658,45.92428,-10.11603,4.3297763,-0.81471765,2.5766613,-0.5508687,-0.69585866,-0.933295,-0.1461016,classical
1431.0801468671514,-56.470745,40.66594,-7.3045955,8.375921,-1.1236788,0.3817332,-1.122835,0.12747729,-0.07856183,-0.11997442,classical
1705.7912691531124,-44.030643,34.992844,-12.050173,3.4805064,-2.1730208,2.585515,-0.5572046,0.5143938,0.8734053,0.3795415,classical
1079.7888693521588,-111.79139,56.624214,-3.7430787,3.2131248,0.7981903,2.1239903,0.33936733,-1.2465239,-1.6491253,0.29789123,classical
1369.5923998136116,-60.626945,40.813946,-7.691256,10.708317,-0.27119568,1.632138,-0.05850307,0.61176556,1.4274564,1.0802549,classical
1170.256219376788,-110.97213,45.01651,-4.4936104,10.666864,0.37271628,1.4049847,-1.1239715,-0.9049287,-0.095029175,-0.7117302,classical
1211.8707246042645,-64.342255,51.904922,-10.778886,5.426665,-2.6326816,0.22494443,-1.512155,-1.9035556,-1.3272177,-0.7779763,classical
901.7378802312896,-83.26069,54.174366,-2.728192,4.5898542,-0.9691458,0.4378706,-1.0425773,-0.41518968,0.8191527,0.9720224,classical
1462.3835644748758,-18.544434,41.961575,-12.152112,5.0986986,-1.1257977,2.7198837,-0.16211395,-0.1579765,-0.8537759,-0.038744014,classical
1181.884073002171,-83.19823,48.764297,-9.237573,6.011757,-0.1293461,2.232041,-1.2532524,-2.0274918,-1.2367558,-1.484567,classical
1329.4563630678226,-83.3777,44.04137,-9.356774,7.87555,0.26373586,1.0836285,-1.0077114,0.9710336,0.22215293,0.17166016,classical
1117.675441354472,-106.54609,51.710026,7.5053377,3.7219026,0.18557255,0.7115359,-1.0199547,-0.78018004,-0.80665517,-0.65487134,classical
1218.1514494719818,-63.67143,47.225697,-8.885279,6.246512,-0.716464,0.47598362,-1.2366939,-0.19296047,0.3959717,0.1312687,classical
1533.6492784629645,-56.3616,39.530487,-11.069492,8.896639,-0.71384585,1.2740713,-1.8423294,0.03425928,1.0285292,1.1513294,classical
3029.524006692204,-20.447258,19.668907,-2.5356498,7.4980636,-0.33185714,1.1220069,2.0066223,1.3245606,0.64107615,0.70616066,jazz
1885.6190151488076,-46.57888,29.49119,3.1677177,6.3505907,2.0630646,2.2955403,0.14777851,2.7039196,0.16172391,0.8009429,jazz
1266.4884313587363,-83.98717,43.44995,-2.2961023,5.3504887,0.9949725,2.9167821,0.5338649,0.40926892,-0.5946224,0.0018084202,jazz
2011.3793005237949,-23.856365,34.204685,-7.2276244,4.0949802,-1.3253485,0.46733746,1.2269899,0.755752,1.2675456,0.97457296,jazz
2486.0099199626684,-7.2390695,23.617094,2.245252,5.825638,2.1476412,2.320765,3.770125,2.662589,-0.132962,-0.5978134,jazz
1725.6171874007612,-29.997692,37.242455,-3.3162065,6.2376637,0.083670326,1.0133944,0.98814416,0.73801297,0.7330216,0.7635638,jazz
1687.9309171434147,-64.54539,34.345543,-4.08609,11.49152,-1.6521236,2.0397189,0.95068437,-2.429786,-2.1733935,-1.1056216,jazz
1752.7248668089467,-47.860046,32.084606,-3.3909793,6.4751835,-0.7411722,0.96750355,-0.08045746,0.6508554,-1.3115124,0.23108315,jazz
749.4465657215494,-66.483185,56.79022,7.556763,0.7386356,-1.0861537,2.1950805,2.130592,2.1550012,1.0555041,1.0824258,jazz
1988.7524361987316,-28.20611,31.197306,-2.5540154,3.8907518,-2.5811305,0.21352915,-2.7305055,-1.3021011,-3.0603282,-0.65871584,jazz
829.6061468763725,-76.9731,53.351326,-6.4766827,11.2666645,5.4743266,3.840937,1.6976397,1.6914806,-1.4437393,0.23724757,jazz
1733.7356811346049,-26.082575,38.713253,-5.2520466,4.4527807,0.9694136,2.5210977,0.7054345,0.6018464,-1.6315546,-0.31068477,jazz
1825.7919934436604,-35.695896,32.28789,-1.62724,4.4296927,1.2038311,0.64913,-1.360335,-0.39619133,-1.031884,-0.8683202,jazz
2034.4917204627848,-40.340664,29.173235,-2.8123076,5.154977,-0.14572516,2.4854095,-0.957741,0.9239652,-0.75885814,-0.20504026,jazz
1650.9582872211786,-57.069267,33.35648,0.5284878,5.5598145,1.8644528,1.2950718,-0.2179067,0.93358094,-0.32934532,-0.4151787,jazz
1748.3486883454468,-39.138504,34.093227,-3.7679307,5.43058,-0.012835668,1.4024919,-0.043105006,-0.06901254,-0.79804283,-0.001080707,jazz
1064.7190883164435,-51.129543,55.967304,-13.140739,9.329471,-0.40784094,2.9574435,-1.0799614,1.0866828,1.596029,-0.313286,jazz
2902.237371028965,-6.2873983,24.997774,-1.5246954,4.705231,-0.2522438,-0.95637697,-0.3605887,-0.8144227,-1.6438481,-0.44922358,jazz
1344.6201262512332,-38.9297,42.151455,-1.4301721,10.526839,-4.910928,5.200425,-1.941716,-1.4994295,-0.40902042,0.29964745,jazz
1522.0894311198458,-69.38284,38.76507,3.396835,4.4749417,-1.0098923,2.335666,0.7581256,2.0821362,0.41261134,0.1227942,jazz
1554.348779839451,-30.607191,38.08585,-4.1104484,6.963562,-0.5611273,1.566432,0.53560287,1.0837114,0.49955893,0.8808935,jazz
1934.3602751013964,-52.00651,29.727022,1.6940652,6.0595865,1.2047831,1.4756219,-0.21113418,0.25706798,-0.49079767,0.060391996,jazz
1875.1521594572132,-48.812195,35.781925,5.7741895,8.110738,1.4194151,0.52697706,1.7430612,0.101676926,-1.8192464,-0.98335445,jazz
1769.4282675269487,-56.453094,29.81634,1.4481306,9.660974,-0.6062744,1.265376,2.9712484,0.23230943,-0.91966105,-0.44010162,jazz
1171.3366948620226,-90.75326,39.242718,1.7801007,11.629807,3.8876462,4.720213,-0.24330619,0.715069,-1.0602112,-0.122364394,jazz
1268.2111446452006,-42.450714,44.01849,-2.658576,3.4306796,-2.2425678,3.1610909,-0.42504817,1.824792,0.11205945,0.29557574,jazz
2289.4808402193494,-11.99321,25.079716,4.0230765,9.141237,-0.57423496,2.609585,1.3625746,1.8146209,-0.8668029,0.1053593,jazz
1617.4093844354438,-38.32652,35.58314,-11.880494,12.748988,-4.270366,1.3105462,0.7883141,3.6899757,-2.0285075,-0.94071907,jazz
2481.5395079724226,-5.3550715,26.07604,0.459881,4.3842463,-0.6634584,1.2867053,0.8532868,0.4830974,-0.57220805,0.28444678,jazz
871.7965368873743,-54.582916,54.455555,-5.657744,12.170849,-0.8367776,4.53496,1.3307847,-1.7273347,-0.82899773,-1.1375682,jazz
1378.6753716271073,-49.087173,43.235428,-3.351328,9.289329,0.115989126,0.72012395,-0.41909617,0.33543468,0.64585006,0.16455562,jazz
1317.0269708114588,-31.081505,44.571484,-1.7603313,14.195633,-6.155059,2.0985389,-2.2292337,-0.86232996,-0.18857649,-0.14658438,jazz
2415.076791967096,-24.73456,28.189295,-0.24140978,6.309475,-0.25257465,0.3303195,-0.40067485,0.23136054,-1.3911548,-0.2815461,jazz
3393.080458875416,-26.78526,19.186731,5.780329,5.275428,0.19830686,2.0316937,0.5546359,0.63880676,-0.9330257,-0.33927634,jazz
3026.5185290322397,-54.847393,22.743057,7.6101856,3.7493806,4.082083,2.241347,2.277492,1.4603016,0.42556968,-0.32757732,jazz
1352.8857477220745,-52.58327,41.591278,-3.8600068,3.7339015,-0.49477813,1.9812258,-0.8207977,-0.32170376,-0.7710562,-0.6342734,jazz
1854.1337840481792,-46.16918,32.72994,-1.22737,4.2537484,0.29323685,0.6610517,0.47472748,-0.008945745,-0.9541578,-0.36944014,jazz
2049.705424466469,-25.269758,34.278866,9.887276,8.443811,1.9286822,-0.91560465,-1.9099418,-2.1756475,-1.4992002,1.3564078,jazz
1782.220467473971,-39.84274,32.266132,-2.0965168,4.870826,1.7265629,0.49576005,-0.57639325,-0.2752337,-0.8393032,-0.2894384,jazz
813.4170141933286,-74.82797,60.83156,-1.2487205,0.20482153,2.6957338,0.96407175,-0.9424038,0.8535268,-0.17827123,-0.7189847,jazz
1579.597166735635,-8.750182,38.075226,-8.028102,5.037277,-0.62564355,0.86954653,-0.50719196,0.6941649,-1.6081161,-0.4685578,jazz
1193.6599936500752,-57.71608,42.912872,-1.193591,10.04378,-1.0933572,4.777251,1.2801088,1.2801884,-1.5307779,0.07764308,jazz
1481.5814852961128,-37.11882,40.448166,-11.750532,10.179879,-0.42386368,1.060093,-0.3113584,0.10061896,0.01277127,1.0987769,jazz
1295.2393474800779,-38.427864,43.80654,-6.6115723,13.339476,-3.05461,2.263057,-3.8134508,-1.5275302,-1.3137096,-0.7609827,jazz
2967.826756749952,-9.684106,23.643547,0.18279076,5.728205,0.5152392,-0.8816167,-0.47377706,0.15830451,-0.78616536,-0.831076,jazz
4135.738578404693,-27.683552,11.810074,1.1198016,4.0785646,-0.7655521,1.0419735,-0.8818175,-0.004985535,0.0654193,1.3767197,jazz
971.5184947924217,-46.29267,51.963108,-5.9437566,10.577742,0.32245946,2.97695,0.610753,-0.87180203,-0.81881875,-1.0019574,jazz
2503.5410170407163,-21.34281,27.268177,-1.4848232,9.236709,-0.385371,-2.3286364,-0.273299,-0.3368527,-1.7536451,-0.6184341,jazz
2455.008879715117,3.385644,25.746166,-0.32644227,5.358064,1.545593,1.5931404,0.9106486,0.97153056,0.13290122,0.21528164,jazz
1465.858099684535,-47.888317,39.721382,-4.5278535,4.85327,0.7398266,1.0172606,-1.0803016,0.07571324,-0.98428774,-0.87421215,jazz
2215.267218635689,-65.507,30.641731,9.182171,8.343193,0.78368473,-2.0093105,1.2756869,2.377372,-1.4186852,-2.0134692,jazz
1077.2680007298775,-79.21637,46.38627,2.8688781,7.2374344,1.3801416,1.709527,-0.5468574,0.49962798,-1.4757187,-0.18392466,jazz
1981.9823821841665,-41.328426,29.483185,-1.363164,5.6657004,-0.015264312,0.47373945,0.7083371,1.6812992,-0.17145567,0.5621551,jazz
2152.8430463253017,-46.399185,33.93002,0.58764476,2.1131287,2.8427644,1.0476936,1.0049647,-0.69849294,-0.404566,-0.42133015,jazz
2959.1578862773017,-58.350075,21.244514,4.8450747,8.471197,-0.11714957,-3.1395423,-1.7789304,1.5170157,-0.8304553,-0.6680065,jazz
1039.4057429757265,-47.081894,48.961174,1.3223442,7.7685237,-2.0058346,0.38088173,-1.4047558,0.3344135,0.58313876,1.8278705,jazz
3905.0663421586682,-36.886044,17.332006,4.6247544,3.3768044,2.4424577,1.7653595,1.3793707,0.27793616,-0.20781362,-0.6696068,jazz
1311.1445630270346,-46.588543,42.121384,-7.923426,15.257287,-4.6772647,1.2322514,-4.3207493,1.5443499,-2.0346048,0.9364396,jazz
2634.043115077565,-29.629412,23.64638,-1.4032567,8.578697,0.38390896,1.5108664,1.1022961,0.311684,-0.52358645,0.092410274,jazz
1276.651309911721,-37.44376,45.129612,-4.3580713,3.359366,-1.0020351,3.0423286,1.3557957,0.2616447,-0.39109725,0.36279568,jazz
1804.7976374158895,-19.096098,31.499887,-6.72697,8.325683,-0.63250995,5.0446525,1.9677304,0.9190734,-0.4474016,0.13411744,jazz
1117.2614806332522,-47.98674,50.031788,-6.386654,1.5524663,0.51231825,2.2524426,0.45485774,-0.40469727,0.09119673,-0.084045626,jazz
844.1729949398231,-55.069183,55.108196,-6.240606,12.695965,-1.3162385,4.9588604,0.9830909,-1.4643049,-1.0076344,-1.0472227,jazz
2777.8434123208845,-4.806104,22.772459,-3.564953,6.7784266,1.6302278,-0.7117265,-1.8609055,0.20986001,-0.38333902,0.5782477,jazz
937.3823871861681,-46.69167,52.507286,-6.4466615,11.038516,-0.09339929,3.3407073,0.30826077,-0.6384821,-0.9783829,-0.9198913,jazz
1761.2131331366036,-24.524683,35.13381,-8.112635,4.9138603,-2.0594182,1.1003958,0.7075168,1.1532491,0.9984663,1.1101816,jazz
1492.5309939204085,-68.890526,35.49722,3.4905388,6.3060427,3.2454631,1.6302278,0.35534763,1.418303,-1.2210492,0.19479366,jazz
1337.7771038204241,-46.3039,41.738304,-7.5727096,14.9316,-4.380619,0.9725098,-4.1025143,1.3747234,-1.9189534,0.876995,jazz
1353.9940370892978,-30.74818,44.1116,-1.3253752,13.789932,-5.786106,1.7776471,-1.9647074,-1.0652527,-0.050605994,-0.21642233,jazz
1427.9245373060999,-36.697918,44.106735,-3.4173582,2.5254402,-0.2841856,2.4457576,1.8294747,-0.09212899,-0.15444826,0.24370654,jazz
1004.7574201659099,-49.35506,51.865803,-7.9642277,2.8185403,-0.4672596,2.9969342,-0.097490184,-0.015542835,-0.15519528,0.034798607,jazz
1219.5124856006728,-43.68273,43.20864,-3.2544158,11.726461,-0.14748386,1.8998816,1.7640647,2.1448085,-1.685058,-0.69790286,jazz
2428.058768410789,-36.724117,32.818356,3.7974434,1.3634254,1.9350756,1.2418127,0.8268089,-0.2942915,0.5460805,0.9507882,jazz
1171.8345898377142,-73.50313,50.400734,-7.484156,6.109608,-0.27522856,-0.289532,-0.71120393,0.28108817,-1.264328,-0.4186698,jazz
1336.3546002724486,-38.131496,43.406452,-6.2438035,12.998093,-2.7436767,1.9894729,-3.5850394,-1.7024686,-1.1958575,-0.82077074,jazz
1503.9322999254405,-61.018024,42.581467,-4.5908957,3.9462988,-0.04283025,1.4652936,-0.15411688,-0.24522676,-0.4102382,0.11186597,jazz
2915.2020776967365,-34.71962,17.073645,2.053494,7.4264355,-1.0791148,0.54604286,-0.3259104,0.34232423,-1.0511099,0.5638882,jazz
1382.8810942210137,-38.677933,41.810368,-1.116854,10.236286,-4.64398,4.967269,-1.7501119,-1.6463152,-0.30861178,0.24829733,jazz
1391.5959542659566,-37.090538,37.76887,8.268825,7.83372,2.2560031,2.0261877,0.87633,1.1456125,0.13519627,0.1959304,jazz
1169.7729218908673,-47.09427,48.34337,-5.9734488,1.1271877,-6.8105545,1.9597306,-2.9700127,0.16965468,-1.4521756,-2.2482302,jazz
1169.4396755831438,-57.865936,43.08321,-1.3191093,10.160586,-1.2028424,4.8818154,1.1887214,1.3514875,-1.5820422,0.10430528,jazz
2860.6831509039876,-22.962706,21.786694,-4.7949843,6.1912537,-1.2235416,1.204888,-0.5184223,-0.47737518,-1.5775267,-0.5010976,jazz
1697.9171784792436,-47.038795,34.198196,1.7884394,4.8358526,-1.6706488,0.62449,0.31982923,0.66110885,0.3495173,0.7018895,jazz
1787.7638893804722,-69.41767,32.382633,4.406824,11.200538,4.959537,-0.17930487,-1.1882955,0.32290486,-0.34437674,-0.43237674,jazz
1993.4129867783474,-38.171448,29.503021,-4.2612624,3.8200564,1.0883999,2.8957634,0.3830518,0.71124053,-0.3604836,0.1856122,jazz
1367.435200194705,-82.90428,45.102257,0.3047517,5.0651827,-0.015027771,3.3722622,-1.68022,1.5038596,0.5448251,0.857173,jazz
1574.959956587146,-9.685581,35.395798,-0.5581491,6.901664,2.3676753,0.20542069,1.0087022,-0.47599226,0.102294736,0.12260138,jazz
1759.6144140848987,-19.216654,31.66802,-6.8881507,8.475689,-0.76761305,5.161798,1.871138,0.99309194,-0.49748164,0.15937479,jazz
2976.3136721854653,-0.7219471,21.833082,3.687872,4.2169785,1.7500904,0.97827786,1.2648867,1.223753,-0.07018158,0.82458335,jazz
2875.155262931994,-38.82688,21.519342,0.033643637,7.4764524,0.79984885,0.8414848,-0.65817916,0.51743054,-0.23482497,0.7373944,jazz
1545.8301777915788,-36.712936,39.88639,-11.219733,9.69213,0.013349493,0.6810581,0.0009892369,-0.14000899,0.17739104,1.0145507,jazz
1846.8634833838028,-87.55332,30.390263,13.544425,9.332732,5.5923104,4.5111284,2.79269,1.4291922,1.212807,1.1981468,jazz
2235.248011846126,-47.449722,26.321922,-0.3966926,8.749187,-0.72171974,0.543997,2.1333728,-0.86512476,-2.0026512,-0.8173659,jazz
1451.862124297044,-59.031044,41.687866,4.0968404,1.3959056,-0.82094175,1.1216412,-1.3093662,0.34566465,-0.073309265,1.6590481,jazz
1304.6447662986704,-36.697323,38.4321,-4.7807775,9.59035,4.621566,4.1352477,2.3679698,1.6158526,-0.21308808,1.0916653,jazz
1790.2436399601108,-46.840416,30.422506,5.4963117,5.308898,0.70056605,-0.3518335,0.2138599,1.0106777,-0.5926832,0.7374748,jazz
1854.6319159218997,-41.85995,31.040567,0.29504806,4.9428883,3.600707,2.146778,0.97858995,2.15421,-0.8099857,0.43101186,jazz
1176.326568022795,-97.930504,43.74206,9.090734,6.7277513,1.5885502,1.8054345,-0.40538096,-0.009937,-1.8090718,-0.28809953,jazz
1873.8376247337778,-54.85155,30.890827,-1.5367917,4.9071946,2.9784675,1.3090283,0.7370302,2.9463484,0.108242474,0.7654774,jazz
3702.062802894826,-4.6524105,19.3695,9.742721,3.8446715,3.203338,-0.5170941,1.1309237,1.1571069,1.3980969,0.8241317,pop
3001.3998390078727,1.2232541,22.891794,-0.09529528,5.2753544,1.7283634,0.65387267,1.6548218,-0.70888555,1.0456427,0.22693163,pop
2053.421991383234,-39.126057,34.34471,5.6961737,1.4851682,2.237033,0.39761868,-0.6163534,1.8836797,-2.3493423,0.8435346,pop
3270.0808829080115,1.3004982,19.659582,2.112367,4.286351,1.6434618,2.5875268,0.4378798,1.4105153,1.3897146,-0.072763465,pop
3262.9888381783744,3.337161,21.197035,1.5371898,5.3125596,0.94962424,1.2615951,1.6957339,0.14634226,0.9736149,0.8435288,pop
1962.10174151712,-6.972345,34.09752,-5.6973643,5.7356358,2.659547,-0.9228221,-0.04563355,0.34001625,1.2463554,-1.3280938,pop
2489.447357851833,-17.561665,28.917685,5.538577,4.748179,0.00012726279,0.48607138,0.5690035,-0.56701404,1.1337775,0.28176975,pop
3194.0815505953037,14.469055,22.73236,-2.2066603,-1.127402,0.13298133,0.04840004,0.16455804,0.5609165,0.98272943,0.46718574,pop
2806.873512822643,0.73113734,26.586311,-2.426425,3.96513,1.0145285,0.18535915,0.94246364,0.35431617,1.5359316,0.61163485,pop
3497.720405933398,-0.7764193,20.667234,8.442345,3.822067,0.52128696,-0.604055,1.2070407,-0.1509532,1.7654271,1.0158268,pop
2765.1075887449138,-22.496851,28.047098,7.959239,2.7012749,2.8152552,0.34108585,1.7010224,-1.4624424,2.2997181,0.28768587,pop
3501.7665177124118,-0.49683335,16.897243,0.279122,3.920749,0.78146243,1.5933901,0.7299032,0.69652176,0.43368593,0.21355729,pop
3593.7703164134628,-5.150444,18.771744,3.2040408,2.847686,-1.3671898,0.21067703,0.8998802,-0.1722548,0.9088517,-0.015625719,pop
3145.363680952142,-2.5961664,19.882952,-0.9286057,6.5088925,1.6188971,2.1231658,2.8829708,-0.18791957,1.7392184,0.53379226,pop
2753.2347231451085,2.2341046,25.652815,0.04918433,3.24728,0.9176435,-0.5586417,0.78499943,0.5379612,2.094566,1.085767,pop
2327.3042883656067,-3.309331,24.495821,-0.7372568,8.561954,2.1803324,1.8678249,0.21103132,1.3027748,0.55647653,0.12909438,pop
2835.1193752816057,-10.035215,23.68637,-2.7051835,1.9353011,-0.02847283,2.883846,0.25065666,0.52148974,0.6775085,0.6913936,pop
3263.2580881824388,-17.648972,24.254044,4.528156,6.217173,3.7681568,0.95717674,1.8526237,-0.7777788,0.6534499,0.061908484,pop
2519.3455234656853,-20.048386,27.49341,1.6415328,5.2209496,2.6147797,2.1138961,-1.2066202,-0.19214115,0.38869506,0.62537676,pop
2789.3877172068255,-7.4891424,23.12281,1.8546376,4.6011677,1.6311015,0.29957625,-0.08443113,0.7823543,0.35225263,1.2858624,pop
2988.4872553900304,-1.6833522,24.788105,5.316851,1.854433,2.732084,1.1036336,0.82945955,0.99882346,0.6191948,0.84956574,pop
4157.988001710874,4.370151,16.223793,2.7027996,1.948293,2.0313003,1.4631809,1.9271415,-0.4741805,1.1827724,0.4555179,pop
3142.6674697923404,-16.20564,21.727026,4.3740077,5.307502,1.3831227,0.3479213,0.5293328,0.6837054,0.08345887,0.17102341,pop
3758.7805887809614,-2.7325692,19.413038,6.2692466,2.8093393,1.810025,1.0833999,0.7925904,-0.41789776,1.4597183,0.42548892,pop
3433.9852325067322,-4.7542906,22.035295,7.3110266,1.3041064,2.926498,0.9213157,1.234221,0.33307663,1.5487593,1.1720086,pop
3259.351118526445,4.1241918,20.471224,4.8441663,2.8403296,2.1067967,3.2660596,1.0206487,0.7820248,0.93880993,0.86276513,pop
3510.545185903128,-2.3730748,18.227314,3.325008,5.5480604,0.22491984,0.73050946,1.580851,0.51488453,2.1425328,0.2493215,pop
3488.897943286259,-17.88028,19.11796,5.3982873,5.8306985,1.4106581,1.6537598,1.2323319,0.9221161,1.6774968,0.4442708,pop
2949.6800647860855,-8.536078,21.924412,1.4163626,9.913303,3.4600394,0.51117617,2.4955611,-0.4804314,3.1319828,1.8909199,pop
2944.414729189786,-2.8036506,25.759619,4.5634756,3.4395607,4.0755115,-0.06368115,0.5983568,-0.9767942,0.7483463,0.16927974,pop
2467.9251572056874,16.270054,26.183205,1.2869653,4.003672,-0.48374256,1.4271452,0.45388642,-0.7045682,1.6816436,1.3803113,pop
2290.14021271062,-19.836123,28.454552,-1.6886674,5.2157617,-0.009530099,0.8957888,0.3235979,1.9533145,1.125141,0.098946944,pop
3889.1427979836844,-5.069538,15.205593,4.270765,4.9811773,3.992295,1.4750249,1.7680386,0.4546404,0.7410853,0.32619134,pop
1900.384454029494,-19.10939,31.251553,0.712869,7.6215024,3.8642287,3.505644,1.1127869,1.2403035,0.7904879,-0.1453651,pop
3420.362078342947,-13.483077,24.316301,8.992798,4.8367968,3.4813268,-0.7241358,0.8983077,-1.183172,1.4959569,0.028235015,pop
2945.9657785971135,-3.589217,25.482265,3.4970872,2.1200469,0.66104424,0.8301638,0.35822788,1.0988604,1.033606,0.047863875,pop
3400.226425763872,-2.9336061,18.81474,4.748909,6.229564,0.5298005,1.0698236,1.1581591,0.44346392,1.2120585,0.050252516,pop
3422.0718638777685,-14.892948,20.643806,7.0105453,6.445548,4.1119204,0.7711536,2.614937,0.13877928,2.0856106,-0.79239964,pop
2844.9380068612104,-5.7719836,26.134777,8.5230255,3.0335622,1.672187,1.6160651,1.5995761,-0.87158966,0.6379818,0.5933348,pop
2125.387814463357,-38.724876,28.108006,6.10447,5.8636236,2.5554209,3.4562895,1.3269029,3.0381234,2.647389,1.0000452,pop
1997.9152625255454,-29.79438,30.505747,-2.9527562,4.3835716,2.4901404,1.693242,-0.08633401,1.3581527,0.5425252,-0.7080984,pop
4052.736284626131,-5.5039515,16.477772,1.4423395,0.1339727,2.1152349,2.0106254,2.7135534,-0.18798229,1.7364714,0.7424947,pop
1837.4928259861476,-22.457064,34.777744,-8.431076,9.078694,2.1604733,1.6505438,1.8615263,0.17154141,1.808296,0.8595115,pop
3070.672740776136,3.9223537,24.73026,-1.3052605,0.00033800636,0.14023691,-0.41529104,-0.6774463,0.044601403,0.15402178,0.1374458,pop
3267.766911666797,4.641263,21.198048,-0.16334386,3.1572886,1.928188,0.8140887,-0.090136044,0.7819069,0.7446572,0.342134,pop
3543.3211015342667,-1.2856177,17.788824,4.918247,4.8064075,3.0201182,2.669581,2.570144,0.8230881,1.2419411,0.7133729,pop
3486.4421684913805,11.7133665,19.951748,-0.94929576,1.5421993,1.4398395,-0.25629628,0.4396958,0.009030796,0.78728694,0.047534775,pop
2838.5120944344094,-8.907206,26.818905,3.1217518,3.2450423,2.6124854,0.53988,2.8387532,-0.011669079,1.2183923,0.4892329,pop
4036.598130555536,0.5678824,15.518812,3.1570084,3.1530352,1.2512746,1.4461422,3.553403,0.054641027,1.4440899,0.32656217,pop
3647.914740974154,-7.5349336,17.242426,-1.3611565,1.1844583,-0.89966357,-1.2352179,1.6755931,0.5933059,0.47476313,1.6546043,pop
3151.406047783485,-3.417295,23.744028,2.7736604,1.8412255,2.322171,1.8159803,1.7238711,0.3137227,1.3092706,0.48503822,pop
3279.5319127248636,-2.2956123,18.938358,2.1154628,6.140117,0.80744666,-0.5668018,-0.633533,0.83191144,1.4552743,0.517866,pop
3207.617470903022,-4.3064065,22.23375,3.2567525,3.3785467,0.65868294,0.14354488,-0.04744568,0.2198678,0.78260857,0.23682517,pop
2682.2841409756757,-12.330628,27.067068,2.125857,3.4314542,2.8909984,2.0371509,0.6965227,0.6741672,1.65497,0.8948797,pop
3672.8534749746746,-0.14232114,15.4236965,3.7924147,5.73089,2.5001025,2.2721791,3.5269268,1.2651759,3.0606062,1.7565724,pop
2200.3688928202637,-46.40696,37.842632,1.3559674,2.2535985,-2.570757,-0.99017274,1.8155752,-1.8751472,1.3850105,-0.5227808,pop
3131.3254325021653,2.8816376,23.979616,0.896934,2.2719078,0.4229414,1.7325774,0.82713836,-0.26372612,0.8029093,-0.2765558,pop
3603.816900374411,-2.1481316,20.585672,6.2817388,3.6942773,3.306658,1.3305558,1.9789299,0.8273818,1.1874071,0.012768693,pop
3889.1427979836844,-5.069538,15.205593,4.270765,4.9811773,3.992295,1.4750249,1.7680386,0.4546404,0.7410853,0.32619134,pop
3301.0929850079233,-2.1591282,21.947735,2.0873258,1.7789832,1.0139425,0.8419621,0.67222726,0.10772867,1.573433,0.9260915,pop
3214.01967827975,-9.060599,22.087023,9.385933,3.980701,1.1749195,1.4715546,1.5329053,0.41640472,0.7477853,0.2406561,pop
3508.793497842634,-25.056747,19.761822,10.7301035,4.808687,4.0572734,2.2267907,3.2619853,-0.1731177,1.3862551,0.97988766,pop
3588.1493148981713,-2.913316,20.67948,6.360749,3.7242033,3.418922,1.2762163,2.0028036,0.86185986,1.1674651,0.009847055,pop
3644.7182707334355,-8.0131,15.53028,6.2806683,9.461913,1.8637556,0.31228197,2.6529596,0.23026128,1.4942988,0.47333175,pop
2246.5077750266328,-29.522486,29.666956,5.8036227,4.903791,0.9080358,0.37958172,-0.30960208,0.676087,-0.9127516,0.9667495,pop
2568.447243315681,9.171368,26.320963,-4.1088696,1.9853777,-0.5097292,0.54893804,0.652475,0.57629913,0.47913578,0.37570897,pop
3206.647958001011,-4.2870317,22.236658,3.259453,3.390264,0.6593729,0.13435078,-0.042687006,0.21797267,0.77920794,0.23410818,pop
1967.744332450365,-42.382454,38.383404,-2.3401039,3.320487,-0.87882656,-2.8088002,0.547288,1.0995117,1.71746,0.47660387,pop
3663.396966933648,-0.42154187,15.34502,3.5290542,5.6358776,2.6412349,2.3412788,3.6145267,1.3079256,3.0157895,1.6791517,pop
3046.523748324695,-11.351764,22.333279,5.8220067,6.672365,2.0797777,1.2160817,2.6685076,-0.3297174,0.66806716,0.0060027107,pop
2516.3904027255376,-8.093267,25.868565,-5.1478176,6.7214856,2.0157623,2.089163,0.5544269,0.3885578,1.0215194,-0.24002309,pop
2150.030333919017,-32.684696,27.935658,12.826948,7.14066,6.482436,2.5442734,0.8881239,0.55485576,0.74620354,1.1674223,pop
1826.4363763466288,-22.252481,37.144073,-0.35021836,2.2385848,0.31077388,-0.47269174,-0.8703206,0.055012017,0.827346,0.5170677,pop
2843.3506413882114,-8.784401,26.6588,3.1102793,3.3084927,2.4884014,0.6525788,2.7012894,0.06904136,1.139844,0.5040895,pop
3151.3426232441357,-3.4253516,23.72446,2.762826,1.8521125,2.3113413,1.7947278,1.7268102,0.36210582,1.3280817,0.47288066,pop
2702.9067305248905,-4.075693,21.485186,2.98662,7.4631143,1.7379355,3.1715043,2.056106,1.650006,0.22022672,1.2104981,pop
1988.190131263531,-33.285244,34.255093,7.327463,6.068689,1.5444285,-0.14515789,1.7709414,-0.78357923,0.92929804,0.17701839,pop
2525.5919589591927,-8.941181,32.088783,2.6022959,-1.3129184,1.0987738,1.3917555,-0.29774332,-1.0474505,0.85823965,1.0985823,pop
3941.417696318185,-5.2935143,17.952572,6.0495477,0.03546012,2.1655908,1.6948779,0.7861493,0.4954581,1.4746182,0.43263286,pop
2638.945071813565,-17.851427,31.359938,1.0821486,2.4017813,-1.0471874,-0.27111277,2.708257,-1.8655884,1.7239525,1.1536975,pop
3497.720405933398,-0.7764193,20.667234,8.442345,3.822067,0.52128696,-0.604055,1.2070407,-0.1509532,1.7654271,1.0158268,pop
2884.9162662284352,-4.865543,23.613268,1.180412,5.259019,3.5601017,-0.25249115,1.4585761,0.6884268,1.8936604,1.3390642,pop
3141.575395070785,-6.5335307,26.950207,6.6473966,0.78354245,1.0386828,-0.5748416,-0.679762,0.3138888,1.1693957,0.30799535,pop
3728.3891590040334,-10.19807,15.590653,6.002453,8.337763,4.878927,3.0576184,3.1847417,1.1672269,1.1154732,0.2978471,pop
3694.9173925155565,7.029501,17.726622,3.261277,4.750589,3.3406591,2.048985,1.1991475,0.1311158,1.3366909,0.49956748,pop
3934.6761086209804,4.9748774,18.433655,8.025381,2.2586372,1.6843458,0.40374765,2.7081227,-1.5331174,1.3745776,0.32181722,pop
2679.229420619229,-3.487079,24.964388,-3.2808368,4.6468573,1.7785306,1.0636021,1.7089623,0.14420244,0.61658317,0.34342882,pop
3682.7414342574343,-10.731208,16.049974,5.8721056,8.18,5.084833,2.996441,3.162649,1.1994367,1.091029,0.30252597,pop
3047.4927543771933,-0.16956463,25.149908,9.372101,4.819516,2.4962146,1.2941115,2.9657369,0.19870894,2.2317457,0.8933402,pop
4225.461048306688,-22.739353,16.342566,5.60072,3.0781243,3.9905527,0.32247865,0.25145185,-0.0004883875,0.40480053,0.11717262,pop
3123.159015699048,-2.700657,20.463648,1.9067868,7.2382746,1.4979159,0.6774062,1.9456928,-0.7653561,1.6418477,0.27841344,pop
3126.570348199454,-3.6299946,23.114796,6.631445,4.9888105,1.7499857,1.7907604,1.5896022,1.5548087,2.4118495,0.8840558,pop
3633.1617304451615,3.0503044,17.01058,1.6897367,1.166797,0.9858324,2.660506,1.4951007,-0.11042676,0.5306306,0.761018,pop
1995.1863128060938,-66.4209,31.894003,3.315634,8.900114,2.5715415,1.5091803,1.3795097,0.1411005,0.75379086,0.11574377,pop
3237.8331637065016,8.437803,19.93628,-0.1269739,2.5275023,-0.03445167,1.4827423,-0.485925,0.060345866,0.43165082,0.4124246,pop
2927.9899764980723,-19.57173,27.581556,12.540477,3.509638,2.787732,1.703972,1.7345117,-0.1565764,0.223015,0.22631544,pop
3669.810466570258,6.755583,18.939493,4.815316,2.0929809,1.0995355,0.86544865,2.3342824,1.1148357,0.87167835,0.49886605,pop
3110.8981962269786,3.6501324,24.233885,-1.2190742,0.023267765,0.25858328,-0.3871767,-0.63146937,0.0015471209,0.12396667,0.15353948,pop
3169.134248059376,-10.478383,20.822916,7.623683,6.4592247,3.969895,1.9374026,1.7557838,1.181084,1.1632763,0.1746566,pop
2939.0735059732497,-10.426979,24.549171,-2.064218,5.3387265,-0.21711744,1.2874799,1.2364818,0.4374649,1.1239885,0.36442956,pop
1923.1216152231768,-30.799667,28.659008,6.3819847,6.261177,4.7286077,2.332504,0.53824306,1.5864786,-0.06420848,-0.008107063,reggae
2004.6584158276357,-62.55821,29.91219,1.4656781,8.688369,4.006452,2.5602555,2.7311692,0.6889718,1.408097,-0.023414264,reggae
2467.1929456866374,-3.3506732,19.809505,-8.3238325,10.477783,0.6265224,7.4966826,-0.66508555,1.6798121,0.68578,0.7006213,reggae
1910.8838166956766,-33.935604,32.562416,-6.5514812,10.5749,1.0640768,1.1160251,0.7970355,0.22856033,-0.41964602,0.28780487,reggae
2539.081379106247,-17.084154,22.956295,1.5496365,7.240364,0.21854667,2.1106162,2.6783657,1.3713337,0.8040355,1.242741,reggae
2617.1778006286586,-11.565091,23.58796,4.0305686,8.2105055,0.66630197,2.3346238,0.1533412,0.73653245,1.1520325,0.5080804,reggae
1930.4048085685063,-36.50814,26.612406,4.6596427,15.068538,-0.13275345,2.8594398,0.7778716,2.8596795,-0.031306773,0.18256451,reggae
3296.462832779134,-15.420467,22.551664,8.748721,5.1246986,0.9007084,2.485355,0.025498334,-0.954327,0.061988365,0.45255628,reggae
1585.3619273400423,-47.40335,27.856771,6.715753,10.540277,4.237305,4.743168,2.1067326,2.5484629,0.2033808,0.6461809,reggae
1629.2960017192215,-27.559105,35.53305,-4.3780503,7.933159,1.2831674,1.4286318,-0.57315207,2.1647391,0.3022407,0.55228066,reggae
2395.5102135646594,-65.514565,26.188286,-2.1331682,9.359178,0.67047334,3.8396745,-2.4402168,-0.1676192,-0.45638612,-0.13428017,reggae
1484.7799129182074,-31.682806,41.14253,-12.127012,11.8472395,1.4368314,-0.088688165,1.2769389,1.4434518,0.03275395,-0.7061497,reggae
2007.0624463203942,-23.844656,32.11088,-2.2044957,11.703059,-1.794411,2.2941768,-0.68318295,0.43187127,0.07093783,-0.69724333,reggae
1417.957488637926,-44.26367,38.455482,0.023923375,7.339809,2.9290671,3.4297676,0.22084616,1.7472465,-0.5160814,0.3124196,reggae
1615.8305954532223,-59.198135,28.492184,7.0457625,7.3012185,2.9234593,5.941331,2.603362,2.9607856,0.091258146,0.5216079,reggae
2673.223822306729,-21.380587,19.864847,2.9678528,9.207748,3.124401,3.8911934,-0.8386377,0.16790351,-0.61919653,-0.20813364,reggae
2479.991063724072,-37.819317,25.645603,-6.6484346,4.43853,4.6131043,3.948781,2.2730236,1.4200717,0.80846024,0.620108,reggae
2112.968318838473,-63.582874,26.968466,1.8418175,9.811925,6.011529,2.8466876,3.4873726,2.7753808,0.93251693,0.7639215,reggae
2086.3916625200486,-35.925644,26.392334,4.807847,7.4846725,3.0843225,3.4214735,0.4590046,0.73083705,0.43084708,1.2408707,reggae
2566.857509437963,-20.052164,22.760828,1.6591895,7.337028,0.20976627,2.0579116,2.7651703,1.2632642,0.8245132,1.1534709,reggae
1637.688337885246,-33.509106,33.222103,3.5706894,4.7504964,2.9995642,4.655062,-0.08966205,1.1386082,-0.17471135,0.3033852,reggae
3289.1034005754636,-16.15088,20.110296,8.754342,4.937646,3.5936742,1.514606,2.0635643,1.6778828,-0.3354003,-0.45999682,reggae
1788.5211001813198,-27.894144,32.118183,0.66153383,10.01006,-1.6006154,3.7003284,0.6433767,-0.015842069,-0.7016799,1.207146,reggae
1699.3251213149977,-53.490562,30.4373,2.1050687,8.172888,1.1045673,4.373395,1.7227714,2.5269136,0.7953178,0.8124607,reggae
2148.49442922645,-20.875265,27.689865,6.8451843,6.42421,2.1990058,3.1295943,0.40665793,0.92543876,0.521765,0.12159963,reggae
2152.9019278799583,-20.88452,27.64523,6.868926,6.4285026,2.2111256,3.1482015,0.41199812,0.92306453,0.5149734,0.121079296,reggae
2316.9096279606097,-35.87275,22.716883,-1.3297353,11.9173355,3.992174,5.746086,1.7881044,1.3961111,1.3285232,0.8888122,reggae
3002.6481938382785,-33.94239,14.947467,-4.7667456,7.989866,-3.4535396,6.9078193,-0.334575,1.4866374,1.3136767,0.6567192,reggae
1052.543425045615,-43.452263,44.499573,-3.0138457,10.451692,0.04793207,4.6760917,0.10004943,2.137703,0.031074908,0.21810226,reggae
3094.4494679187587,-6.859416,20.682169,4.4762974,6.1120954,7.8386307,3.4298596,0.6288047,1.4198649,0.77744234,-0.010771088,reggae
2118.551041160394,-8.308266,24.970009,0.71196395,6.66935,0.84574205,3.7077942,1.2736634,1.381443,-0.5735466,0.8168987,reggae
4281.984674096292,-24.011843,8.17195,6.787751,9.238671,2.3304293,3.0039613,0.4619184,1.0741484,0.26643598,0.25443769,reggae
2173.8734628702273,-33.905006,30.280706,-0.3999345,4.862363,1.1728387,2.074647,0.9083593,0.45003736,0.4313061,0.08534305,reggae
2109.7985596894723,-28.545969,34.80185,-3.058206,3.673943,3.0992339,-1.4279613,2.6595805,-2.20241,0.34336,0.73355657,reggae
2478.0490603630687,-24.339863,22.746483,-1.229317,13.573433,1.3686554,1.5558603,-0.7343553,0.47021037,-1.3261611,0.14975384,reggae
1923.603059591631,-40.064167,29.220236,-2.147964,4.8430014,5.288826,4.3185706,0.7852773,1.307489,1.5027947,0.031674843,reggae
2059.02477480452,-12.456862,25.48345,-0.810871,7.633908,2.6411765,3.1438603,1.0233023,1.6363298,0.44605607,0.82905984,reggae
2170.387167840117,-25.06824,26.599524,-7.2609997,6.8608484,-2.5915568,2.6953628,-0.1041583,2.0942178,-1.0500307,0.49237126,reggae
2525.5469562709054,-29.129265,25.473717,7.8603215,5.700563,2.0915697,3.3796139,0.116629854,0.32023907,-0.18822357,-0.13605666,reggae
1995.2769651140734,-42.132374,28.51114,1.6762462,3.5947304,1.9164928,0.7030008,1.2335255,1.9077452,-0.047193132,0.8206535,reggae
2322.240523866596,-25.20426,28.699766,6.048172,8.730269,1.7184871,0.28319046,1.9202281,1.1063952,0.5214993,0.22948633,reggae
1798.3807585425816,-34.577896,31.892824,-1.6962993,5.996758,0.07411386,2.8236482,0.33446372,0.8405964,0.11640892,0.20044197,reggae
2149.158788656928,-44.015987,27.425217,-1.2552816,11.011401,0.92710686,4.6340756,-2.4672735,0.2359233,-0.5809593,0.0016287651,reggae
1691.3385554367233,-38.048553,32.407303,0.62393546,8.14867,0.52603155,3.458126,-0.96789825,0.4520329,0.22828244,0.945669,reggae
1754.1768111795127,-38.006332,33.11747,0.4968057,3.8489845,2.6984966,2.0867267,-0.4716644,1.0146044,-0.5610601,1.1952806,reggae
1638.9307245186242,-41.329914,35.024765,2.2498746,4.5715065,0.3164174,4.6829157,1.538312,0.5820492,0.24144723,1.6653663,reggae
1630.16101822981,-34.030067,32.413574,-9.141056,19.344894,-0.043115873,7.1328826,1.6934844,2.3020768,-0.07604392,0.09384517,reggae
2026.4167424052794,-25.796219,26.920992,1.7050415,8.372221,1.4179122,3.437062,1.499078,1.7653486,-0.11629263,-0.52608687,reggae
2481.5194522237502,-5.468497,25.48588,-6.5919976,3.872594,-1.8947556,1.1620594,0.13013527,1.5269835,-1.4282019,0.50541764,reggae
2104.695061638517,-37.84247,29.116892,0.70879877,5.5694423,0.5378074,4.0603,-0.019123157,1.1192193,0.28374073,0.7048636,reggae
2456.3701094702765,-18.59441,24.97531,6.6745653,8.93956,1.6315788,2.4317343,-0.42606524,0.68991995,1.8681417,1.904823,reggae
3089.7484730911488,-17.004116,23.582462,2.0860968,3.4824529,4.2373333,0.32939816,0.71723825,0.9528939,-0.5731641,1.036571,reggae
2671.481384342479,-15.153649,26.2291,0.113742545,3.1028798,1.1779234,2.0797403,-0.00037173383,0.1911262,-0.43692335,0.6054132,reggae
1754.0198285353754,-35.922264,30.649363,2.708492,6.2747273,4.1748166,4.4357095,0.5871363,1.3185892,0.7143462,0.71158534,reggae
1797.2434967059141,-35.487213,33.160027,-11.941713,17.912693,-1.7726711,4.2601495,1.8982677,0.17470372,0.6301936,-0.5541499,reggae
4435.732059302078,15.453316,11.031599,-2.481721,1.5532194,1.7523192,1.2569008,0.294328,0.62301296,0.9672197,0.45315614,reggae
1716.0497964664387,-44.806076,31.181482,1.9074769,6.7901864,5.4815507,4.121972,0.46646464,1.6410955,-0.8792595,0.010701497,reggae
2300.0428803814098,-40.15051,25.932697,-0.31001657,2.684299,2.4861789,2.499435,-0.09271046,1.2963325,0.13119009,0.50530845,reggae
2133.3521515473035,-27.018223,27.587124,0.47984225,3.6167717,2.0211735,1.6464338,-1.673813,0.5048641,-0.71019566,0.91861373,reggae
1709.737126203655,-58.06534,26.478565,1.605817,9.975003,3.5901518,5.793218,2.7707841,4.1212764,1.851905,1.0802594,reggae
1608.5066742461875,-41.744404,33.935055,2.395083,4.656696,4.789775,4.562289,0.48364305,0.7569323,0.24048154,0.13935506,reggae
1803.9538105585716,-27.1219,30.482042,-2.4836564,5.86904,2.5419502,3.5711346,0.18685387,1.6871318,0.1867371,0.8374921,reggae
2455.426131281741,-21.656353,25.311562,4.741116,7.2101564,2.1974893,2.4966006,1.7718717,1.3968155,0.32348675,0.5538744,reggae
2169.6559456996456,-36.73599,30.274887,2.7614427,6.4324245,2.0611517,2.2874768,-0.057726797,-0.15153958,0.6505857,0.73194975,reggae
1701.0178296815602,-52.28655,32.126324,2.6937678,6.7578897,0.22331603,3.1377704,1.415076,2.3596835,1.2740468,1.2734942,reggae
2009.762594680229,-33.903877,29.721012,-0.7504799,4.737807,1.0529159,2.957367,-0.34967595,1.2484475,0.20802082,0.52454937,reggae
1907.6056942036942,-36.29096,27.93019,3.3129067,8.999385,3.3095567,2.994211,-0.00029037724,1.279345,-0.3127646,0.6652489,reggae
1640.710646882148,-61.889748,28.110218,0.97880167,12.100145,3.9975808,5.3299885,3.1143432,2.3185534,1.4014101,0.6194384,reggae
2542.483268553463,-38.2348,26.906008,-0.39294428,3.7472486,6.1367564,3.6264675,1.4140272,0.97076696,1.7472514,-0.049160153,reggae
1312.5009449202723,-74.03694,31.27132,19.534317,8.778806,7.1465726,2.5249212,-1.0028293,2.7231538,1.5839232,1.8645452,reggae
2868.345135224565,-24.235792,20.106693,2.0701067,6.307079,4.6898127,3.233348,-0.7933058,3.1193452,-0.12661314,1.9614491,reggae
2354.8865441845633,-31.469227,19.290054,-1.319547,8.90119,5.924568,3.582279,2.3967445,1.5327857,1.0404763,0.6665621,reggae
2460.5870773027177,-27.209303,25.662697,6.496893,8.252427,0.40338606,0.060684618,-0.23527052,4.46572,-2.6045659,1.5928164,reggae
1366.6849879747774,-60.76838,42.56219,2.1609962,6.061828,-4.5224557,1.5672907,0.1841212,0.046334606,-0.15119159,1.6602277,reggae
1728.9380569839393,-27.760487,35.402794,-2.107083,7.042053,4.897176,-0.3836627,2.134587,-0.18847646,0.74077654,-0.8644099,reggae
1579.8511126280443,-52.003567,29.274782,2.1991448,8.485511,4.5354385,5.9857426,3.6807876,2.8663554,1.1272396,1.1025606,reggae
1291.4990686418096,-56.913586,36.868534,1.4119806,9.250103,1.4068155,3.3495686,2.7985857,2.8295918,0.955964,0.4711973,reggae
1811.4103936654164,-30.741758,30.956648,0.73362887,8.205472,3.105921,3.3622968,-0.89604753,0.6509108,-0.33103827,-0.082412325,reggae
2006.8493639042429,-12.686946,27.899006,-2.492709,6.1020555,0.94130015,3.036451,0.3401163,0.95052046,0.591344,0.6033027,reggae
3109.7327645271375,-26.826988,16.924261,6.29756,10.645056,6.2943683,3.2983947,1.7299507,2.371837,-0.9338565,0.7119112,reggae
2955.030353182864,-19.878637,22.065763,0.17037278,6.231617,1.9809939,1.8534509,0.5251425,0.84976184,-0.17900987,0.1590951,reggae
2081.187059476724,-6.2831225,31.409023,-3.8648672,8.009481,2.4360619,1.609635,2.4239187,1.2536198,0.034141347,0.34803,reggae
2288.627178100081,-23.54769,27.764626,1.7410157,7.496133,1.5528373,4.555365,2.3691247,1.3110514,-0.0043041557,1.0010874,reggae
1814.1339363070717,-57.31163,25.970959,7.889858,9.586742,3.7148657,6.1869745,2.465032,1.8005626,-0.46119797,0.31220952,reggae
4274.292786512983,-35.917877,1.328958,7.6176243,8.672701,1.7788174,6.9067883,4.6492133,3.7375493,1.2422804,0.388789,reggae
2566.857509437963,-20.052164,22.760828,1.6591895,7.337028,0.20976627,2.0579116,2.7651703,1.2632642,0.8245132,1.1534709,reggae
2032.5080275306436,-66.55308,31.930069,-1.7745863,9.239881,-0.5219986,2.1476574,-0.053145595,-0.4488583,-1.7142093,-1.2784939,reggae
1840.8628555568273,-30.85077,28.329842,0.0680508,9.21029,2.3559577,4.742675,0.07139986,1.1018206,0.6445143,0.46643084,reggae
1796.8948919886877,-39.382904,29.00487,4.0866046,9.115439,1.7631003,1.6379198,-0.1564322,1.5083199,0.027026195,0.011656924,reggae
2631.1187832454702,-35.330647,26.282974,2.832285,3.0971704,4.672958,3.1114898,0.6352217,0.20914246,0.5382751,-0.06466152,reggae
2022.4897300831608,-16.204124,31.786663,-6.841173,5.8154583,3.5849478,2.396295,0.19955601,0.33976096,1.3339057,-0.86525476,reggae
1510.7924591573858,-60.04957,32.831154,-1.8721385,8.889338,3.212471,5.0168905,2.2921104,2.9004374,0.8400958,0.59729403,reggae
1708.9705332649312,-33.26165,33.291187,-1.9337933,6.7249236,1.532948,3.35495,0.64142746,1.3830795,0.39542574,1.0561943,reggae
2322.2154852399008,-35.612785,25.547392,5.620657,10.700023,2.7261245,4.370695,-1.3054564,0.3263046,-0.46316895,0.30413568,reggae
2314.083798452271,-32.367645,25.602089,-6.5039954,6.3816433,-2.1653676,2.4324255,0.089966185,1.916337,-0.975351,0.44154426,reggae
1778.172233591523,-33.88416,29.474,-0.69856405,12.758126,1.9764156,4.5985656,2.3988981,1.9266275,0.99535924,0.6070995,reggae
3880.9607426552216,-10.121082,18.792566,3.5987513,1.3975782,1.1088518,-0.1148397,0.045456547,0.09553485,-0.10742867,0.4740084,reggae
3123.715745645115,-7.7612767,21.13175,2.0809731,8.359418,3.3816342,0.6638205,0.7057587,0.19403851,-0.73619825,0.42162716,reggae
1609.8372860104512,-51.25172,36.62466,3.767801,1.9432197,5.7423267,2.166115,0.33954683,0.74228096,-0.7149775,0.710978,reggae
1811.1579026505942,-53.56181,26.990759,4.7796354,9.359525,2.2326403,5.4577236,3.046835,2.3070738,0.24838163,0.79467833,reggae
2006.827265021438,-26.73675,28.999722,-3.9244704,7.2081513,1.7900226,1.1760006,0.3149777,1.0734215,-0.43231276,-0.25745988,rock
1537.4684493421905,-33.879524,32.470413,5.1737685,8.501512,3.3883717,1.9906065,1.7697643,2.5598176,1.1418992,0.8221214,rock
2342.4462721453447,3.1994107,25.329453,-4.265229,4.175381,-1.8066093,1.4873126,0.574348,0.06282964,-0.4939528,0.6122119,rock
2975.773811493968,-12.521705,17.593058,-1.4743006,4.182423,-1.5290085,1.5014962,-0.5648938,0.7300934,0.7924781,0.62172705,rock
2521.2256237987076,-31.321594,22.42302,-3.4191427,8.510874,1.1449081,1.6270255,-0.58900005,0.14145462,-1.1055195,0.2530477,rock
1659.591367670287,-22.631695,32.93545,1.1681427,7.4061003,0.42422512,3.189102,-0.09801363,1.6378868,-0.19817044,0.4765646,rock
2794.963091628599,5.8202662,20.846745,-5.051324,2.702279,0.81269276,1.6166586,1.7921873,1.7602342,0.73701924,1.2611337,rock
1609.7586945896007,-28.748169,35.395206,-3.171666,6.0863357,-0.88374186,3.145116,0.098567694,1.8814133,0.011454665,0.13316853,rock
2334.5190611030093,1.8124826,24.376326,-4.695062,4.669744,1.5729977,0.76968145,-0.086625054,1.4577516,0.12668937,0.70404285,rock
2158.1594853409792,-2.197414,27.208221,-3.2807832,5.9028764,-1.5016984,1.4148589,0.55363774,-0.7917555,-1.0550635,0.299377,rock
1937.0023676443107,-59.817413,28.86026,1.9587082,11.26758,1.8425455,2.7757292,0.17553245,2.1691005,0.7426661,-0.07641654,rock
2568.395445802274,-38.37365,21.734976,2.586573,8.867343,1.2673138,0.7460955,-1.2695163,0.49532384,-2.6712646,0.64883816,rock
2997.8538382881115,-7.917925,19.27921,-2.9813108,8.456125,1.7248486,1.8210353,1.4765178,0.751516,0.06496982,0.43115968,rock
1721.1466519043972,-32.87434,34.602077,4.9555244,6.397179,-0.2899453,2.8427422,2.0431771,0.19901912,-0.5295299,0.03130273,rock
1597.5180157344882,-44.83742,26.318094,14.36814,12.513705,2.9322221,2.7654014,0.5082445,1.5340811,1.3752102,1.1660047,rock
1345.841383418394,-25.638407,34.0941,5.142954,10.3610115,3.7361605,6.010042,0.61677194,1.8112321,-0.36387455,-0.4049162,rock
2255.867398236704,-32.3802,26.175386,-4.0043416,6.795491,-0.7726693,2.4272676,-0.9338313,0.7650118,0.4318901,0.7055821,rock
2148.4009185393684,-12.648933,27.308815,-2.4813845,6.461325,-0.9919935,2.5979776,-0.98163015,0.6194145,0.55774975,0.08789651,rock
2008.1745209297676,-28.419561,28.605055,-1.7812145,10.121004,1.836058,0.73213917,-0.05267038,-0.27474993,-0.9218454,-0.08678268,rock
1646.6359257324248,-13.286597,36.36786,-8.9326935,7.5839233,-0.8204864,3.4446251,0.14597669,2.1814532,-0.27059165,1.2225045,rock
1398.6495042529389,-49.780216,34.308723,-0.051623374,12.373303,5.4165664,2.6212685,0.37749115,0.47386977,0.5193207,0.55568665,rock
1651.7562246177304,-19.788322,39.958817,-3.3864276,2.6078782,-0.39474818,1.6883647,0.5966537,1.25427,0.8377081,0.36699155,rock
3010.0558252943074,-8.707077,18.7533,-2.3012202,7.9911737,1.6944093,3.0167012,1.0490237,1.1309321,1.2019353,0.6306466,rock
3031.127685864391,-10.781018,21.6519,7.6456285,6.104903,0.3091504,2.2886164,0.69730407,-0.030890575,-0.32024303,-0.8797609,rock
2187.9366584276518,-17.065075,24.332106,0.93410826,6.051824,1.3672082,2.1865525,1.5175439,1.7867117,0.7707462,0.7590592,rock
1181.326607089661,-38.800194,45.18593,1.0162498,2.7994766,0.2919222,4.2959185,1.5004544,1.9364105,-0.04499637,0.4403416,rock
1529.2908080956654,-18.761028,35.41936,-1.7133793,7.370293,2.7345896,4.366666,0.048642658,0.98665327,-1.1305164,0.12086111,rock
2438.175192954676,-27.106535,31.311983,4.4883385,0.8700396,-0.045571208,0.72903013,0.6363582,0.17028564,0.27304986,0.6087237,rock
2294.229735153561,-11.748817,24.21709,-5.0942225,6.9751334,-1.2575253,2.5470014,-0.6529753,1.6665934,0.37961626,0.4583692,rock
2669.3593345236,-22.601372,21.265629,-2.2248871,6.492867,1.7660192,3.5957851,1.011057,1.1272258,-0.36338767,0.5486345,rock
1717.0993092104313,7.2342887,34.929718,-5.038711,0.9184577,-0.014592088,3.1402988,-1.0892594,-0.4051905,-1.2505543,0.27268362,rock
1676.1460477207684,-11.254866,36.653236,-7.6604223,9.668652,-0.986295,0.36610982,0.086419575,1.7869128,0.41448247,0.09827221,rock
2459.5208919140086,6.435822,22.204054,-3.4181228,5.370761,-0.37663287,0.9523854,-0.016211348,1.3408384,0.09557414,0.9458053,rock
1712.289370983157,-18.009953,36.57407,0.7017007,3.1292775,1.6739671,0.42430753,0.3711764,0.15922573,-0.5297054,-0.24831277,rock
2301.7700377608567,-17.985058,23.08472,2.8528776,7.273246,0.97434306,3.7370718,-0.46309248,1.0964347,0.40350366,1.094652,rock
2078.0554239577727,-30.282543,33.7976,-0.7495961,6.328109,0.5711283,0.7874644,0.17419189,2.0168216,-0.03647778,-0.108661994,rock
2632.272033619275,-29.5341,26.16861,-4.762624,4.3339195,2.1094565,2.843491,0.5706415,1.0406712,0.12145165,0.09804635,rock
2320.3950808692307,-0.8653881,23.374863,-6.584359,8.678034,-0.45870215,2.4891694,1.0762968,0.31642696,-0.30581844,0.5042399,rock
2223.969176505625,-5.951454,24.111465,0.40083167,6.542546,0.9945107,3.0388677,0.06188984,1.5361849,-0.16309366,0.5372577,rock
2794.8199158537072,-13.409955,22.960098,-1.4717226,7.1961584,1.6281825,1.7644464,0.36011267,0.5118318,0.87578744,-0.003004288,rock
2606.2611466468375,-10.638377,21.247986,-1.274531,5.8442645,-1.3823872,2.1203952,-0.9676878,0.46910143,1.2224897,0.62900937,rock
1867.4143288199461,-27.886015,31.157476,0.66479313,7.2051077,1.8013569,2.6373253,2.4640534,2.0400727,-0.15578094,0.7840817,rock
1933.3373461978688,-14.446814,28.198898,3.1481614,6.9314437,0.54802775,2.6977,-0.28275365,0.7835155,0.28760502,0.2791211,rock
3488.5019910192823,-7.5504007,20.911123,3.1861012,-0.6722876,1.4802657,1.6549028,0.27659646,1.0798228,-0.38690543,0.15349036,rock
1421.3550411262565,-33.15262,35.093834,3.4749901,5.657414,2.747608,4.7484617,2.096383,1.4907689,-0.4634329,0.49951267,rock
2321.1497598885144,-12.255976,23.713474,-4.2589774,7.6502247,1.0335096,2.6539044,0.45864227,1.3717847,-0.063720986,0.25632048,rock
2739.501165243808,-7.9644504,23.67183,-7.381092,4.5275817,-1.0015213,2.1230404,1.0445944,0.21253116,1.8586665,0.44828174,rock
2209.486739749316,-53.69371,26.082952,-1.0555377,8.976328,3.1021504,0.5816973,-0.45224902,1.7601135,-1.1269429,0.8185917,rock
2072.154517807153,-42.77622,33.360195,12.162357,5.2490816,2.1056752,1.9571114,0.26400745,-0.39541048,-1.8533517,-0.9750689,rock
2511.714306230509,-36.382698,19.602663,0.22118281,11.384481,2.0553536,3.4857783,-0.27722606,1.2179787,-0.7748869,-0.11941326,rock
2335.519931634785,-33.960857,26.51983,0.7546432,8.942681,1.6295524,0.7518369,-0.5555062,0.5447867,0.3308838,-0.4821354,rock
2209.1820036909885,-9.4248295,24.88974,-3.121067,6.594626,1.2704291,2.207182,0.031049335,0.983115,0.15519439,0.5434911,rock
2077.565822171052,-21.802498,27.657677,-7.512835,9.116412,0.011737325,2.3520217,1.0862386,1.5113465,0.30533898,-0.40755898,rock
2263.203109326082,-3.824632,25.148613,-3.1824563,6.4849586,-0.4303088,2.1511672,1.2034894,0.62350154,-0.37711552,0.36960354,rock
1996.3291886977468,-19.919037,28.282513,-0.9948098,6.8821163,1.5256945,2.4980426,-0.20159818,0.66326535,0.1412067,0.52160704,rock
1875.1802164622393,-23.322765,30.270973,-1.9699286,7.9163556,1.3874093,2.2730331,0.10397034,1.0949115,-0.28301546,-0.25344253,rock
1857.9725986494295,-18.284702,28.974302,3.5317848,7.5422726,2.0640302,1.636582,0.109305866,2.386014,1.6154087,0.47836536,rock
1674.1340437310519,-20.938812,37.43773,-5.240127,7.536354,1.6794187,1.2270317,-0.9053559,1.4812905,0.53183806,0.17732435,rock
2025.0641305486586,-10.87404,26.481798,-0.2653453,6.083724,0.63247293,3.5267172,0.4553791,1.3300588,-0.24371241,0.7687757,rock
1939.7222612064577,-17.421589,31.908329,-7.6911163,7.392255,1.569464,1.3079958,0.46159157,0.31489283,-0.5679629,0.9495758,rock
2186.669241082053,-40.47769,33.09673,2.4094594,6.6835847,2.7740343,1.9847347,2.262062,-0.99715096,0.017917877,-0.09597566,rock
2796.5844361062223,-13.822328,26.064415,-2.4137263,1.6446434,1.2795126,1.2428546,0.8883,0.29231343,0.100540005,0.34246546,rock
2639.1039096273103,-13.134545,26.085436,-2.93323,5.724322,-1.9221495,1.3889495,1.2634158,0.01947649,0.014268974,-0.18795168,rock
2467.2607802086272,-20.308794,21.251034,1.075796,7.522507,2.1016705,2.567014,0.8922679,1.3742045,-0.9002982,0.9163202,rock
1863.7644718857396,-46.416817,29.380825,2.160872,9.595742,3.8789456,3.9808676,0.9406523,2.877343,0.82959646,0.9785434,rock
2414.161865027604,-21.162418,23.167482,1.9164596,7.879243,1.100149,0.35994378,-0.45843193,1.677089,-0.4360994,0.5133437,rock
2312.066157893261,1.5744464,24.442303,-6.7302732,7.6857963,0.097412735,2.0616229,0.23228954,0.81608284,0.34881073,0.18280205,rock
2181.338268438534,-18.341066,26.729548,-2.4950063,4.775667,1.7182969,2.8715377,0.4597758,1.614947,-0.9446567,0.22643283,rock
2495.6841558449564,-4.041993,24.004328,0.4229691,6.034186,-4.479938,2.079692,-1.5784277,1.3662702,-1.7409432,0.0245257,rock
1561.4111067130552,-33.82827,37.946903,-12.036448,20.039057,-1.2029902,6.2153883,-1.0159892,1.1934285,0.22929166,0.6296198,rock
2140.28308737102,-11.190743,25.2388,1.1186293,8.93193,0.04146187,3.923226,-0.8653705,1.0706255,0.035876967,0.4601465,rock
2850.236430403512,9.273377,21.065144,-3.2300167,4.288419,2.817729,0.70939165,-0.3051633,1.2727753,0.3383564,0.7935792,rock
2946.6326071058666,-46.54726,24.965698,10.748611,3.7570157,1.6303054,0.9897092,0.31731528,0.21769689,-0.306496,-0.07950504,rock
2553.6435090564128,-18.540485,23.697538,-2.7955747,5.4732313,-2.2338781,1.5927372,-1.2568092,-0.42528155,0.11170042,0.83548754,rock
1542.1092953993343,-5.0078697,39.91063,-8.791587,4.7221794,2.0015724,0.90797293,-1.868177,1.3148901,-1.8449209,-0.23565504,rock
3303.2031125307344,3.5659728,16.719255,1.1319163,6.116124,0.79289436,2.0747142,0.2865937,1.3326362,-0.334219,0.50684786,rock
2429.0679000761247,-12.61241,28.911896,-5.312118,2.7289507,2.7382255,2.3854604,-0.7442122,-1.2468033,-0.7776691,-0.042550366,rock
2424.519698838249,-49.991283,31.631742,9.609248,0.84028405,0.18454063,2.2724633,1.8580695,0.7004704,0.14054029,-0.55760753,rock
1711.1692946901107,-69.39679,39.171257,9.440928,5.3300457,3.4131682,1.4818293,1.5589349,0.5132626,-0.36642292,-0.64096266,rock
2294.7279252035287,-8.361657,26.830832,-0.32643348,6.044201,-0.80736995,1.5588622,0.13999628,0.6149811,-1.3290708,-0.4079767,rock
2474.465349821513,-7.950159,23.260996,-5.913915,6.4313974,-0.35232905,1.5073607,1.0548244,0.39654678,-0.13753842,0.25230017,rock
2510.0731425241092,-0.538954,21.183292,-5.220524,8.401524,-1.1682825,0.9260343,0.1828958,-0.7453738,0.28933373,0.622055,rock
2188.057530674935,-4.4941177,27.183125,-1.7529775,5.2546105,-0.86503345,1.6339239,0.51914746,-0.13913776,-0.53256536,0.5633183,rock
2944.617225098909,-27.154419,19.634733,10.085386,7.571175,1.2683426,3.8235805,-0.28274038,1.2223853,0.15464295,0.55375254,rock
2626.8195142103973,-10.470397,22.911053,-5.4681344,7.667176,0.29761598,0.8039271,1.3479376,0.99367094,-0.18113068,-0.052607022,rock
2116.1456021561394,-20.167639,26.040495,0.9366605,8.8414755,0.7778969,2.4418194,-0.42388332,0.6189363,0.22072153,-0.09277706,rock
3361.7679741880775,8.774325,16.845148,-3.2957954,4.897946,2.239637,1.4864093,0.8982344,0.26734224,-0.1944094,0.34653997,rock
2344.5259235128556,3.9772856,25.89638,-5.507775,7.976405,2.208825,2.1682796,0.057636388,0.13269897,-0.1602579,-0.22834828,rock
2471.4537522284268,-6.9299865,23.007744,-6.6502137,6.8404436,0.7821221,1.2876779,-0.61143744,-0.12111115,-0.4236631,-0.30005383,rock
2628.9166256266994,-10.842433,20.132942,-7.0534563,7.940273,2.4226441,3.0021715,1.1600149,1.8493543,0.714284,0.9231986,rock
2581.5076039009978,-12.627806,22.300325,-0.4344391,4.126526,-0.14750606,2.6305358,-0.32180578,0.73295265,0.5888297,0.20984957,rock
1282.1973339054578,-27.59778,39.426697,0.9846011,7.296012,3.2704666,2.3628106,0.6073137,0.98956877,-0.55592775,0.39260665,rock
1609.7851807206855,-48.525684,34.15498,-3.650646,7.951149,1.9146713,3.3723898,0.89760196,0.15249081,0.026546292,1.2695544,rock
2046.8578301908997,-14.718468,27.437351,-9.294956,11.077678,3.2188284,5.4535646,2.0866592,2.0807745,2.3363614,1.1154928,rock
1877.968347176715,-23.061443,29.581375,3.970029,5.8019505,2.8062177,4.185741,-0.8093306,1.5046384,0.6204117,0.9225308,rock
2806.872615958848,-0.46159902,23.159475,-7.203607,3.5564525,1.9876261,2.4657283,1.239248,0.4322479,0.9364719,0.65645933,rock
2559.166384767367,-6.348357,26.391289,-6.6244245,2.847704,5.1610065,1.5910994,1.2316525,1.817504,1.3157285,-0.122719,rock
2788.3693356571966,3.6126988,21.044668,-2.496126,6.12328,2.3883018,2.3006248,0.90011895,0.678798,0.8247638,0.9569113,rock
2590.781523555563,-18.6587,21.816265,-7.348425,6.6877627,-0.23754272,1.6343514,-1.4899234,0.6429562,0.15655383,0.41225487,rock
2445.1189674157067,-3.2831967,23.253532,-0.08500191,8.486555,0.9456692,3.7152538,0.08293677,0.7854934,-0.35711357,0.653487,rock
